name,price,id
헤리티지 체크 머플러 챠콜,"43,000원",헤리티지 체크 머플러 챠콜
헤리티지 체크 머플러 챠콜,"43,000원",헤리티지 체크 머플러 챠콜
헤리티지 체크 머플러 블랙,"43,000원",헤리티지 체크 머플러 블랙
헤리티지 체크 머플러 베이지,"43,000원",헤리티지 체크 머플러 베이지
AUTHENTIC SUNGLASSES(BLACK),"189,000원",AUTHENTIC SUNGLASSES(BLACK)
브러쉬 윈터 체크 머플러 블루,"45,000원",브러쉬 윈터 체크 머플러 블루
헤리티지 체크 머플러 그린,"43,000원",헤리티지 체크 머플러 그린
브러쉬 윈터 체크 머플러 블랙,"45,000원",브러쉬 윈터 체크 머플러 블랙
헤리티지 체크 머플러 핑크,"43,000원",헤리티지 체크 머플러 핑크
브러쉬 윈터 체크 머플러 브라운,"45,000원",브러쉬 윈터 체크 머플러 브라운
소프트 그런지 머플러 남녀공용 5colors,"19,800원",소프트 그런지 머플러 남녀공용 5colors
AUTHENTIC SUNGLASSES(NUDE BEIGE),"189,000원",AUTHENTIC SUNGLASSES(NUDE BEIGE)
AUTHENTIC SUNGLASSES(AIRY BLUE),"189,000원",AUTHENTIC SUNGLASSES(AIRY BLUE)
브러쉬 윈터 체크 머플러 베이지,"45,000원",브러쉬 윈터 체크 머플러 베이지
데님 루프 키링 (Black),"12,900원",데님 루프 키링 (Black)
RENACTS X BROWN.OC Engine Turned Tie Bar,"35,000원",RENACTS X BROWN.OC Engine Turned Tie Bar
데님 루프 키링 (Indigo),"12,900원",데님 루프 키링 (Indigo)
Maximal Eyelet Belt,"108,000원",Maximal Eyelet Belt
브러쉬 윈터 체크 머플러 핑크,"45,000원",브러쉬 윈터 체크 머플러 핑크
브러쉬 윈터 체크 머플러 그린,"45,000원",브러쉬 윈터 체크 머플러 그린
Stripe Knitted Tie [Navy Maroon],"65,000원",Stripe Knitted Tie [Navy Maroon]
Stripe Knitted Tie [Red Navy],"65,000원",Stripe Knitted Tie [Red Navy]
RENACTS X BROWN.OC Engine Turned Plaque Belt [Brown],"79,000원",RENACTS X BROWN.OC Engine Turned Plaque Belt [Brown]
Two Tone Regimental Silk Rep Tie [Green Navy],"65,000원",Two Tone Regimental Silk Rep Tie [Green Navy]
Two Tone Regimental Silk Rep Tie [Red Navy],"65,000원",Two Tone Regimental Silk Rep Tie [Red Navy]
Plain Silk Tie [Black],"65,000원",Plain Silk Tie [Black]
Two Tone Stripe Knitted Tie [Green Navy],"65,000원",Two Tone Stripe Knitted Tie [Green Navy]
RENACTS X BROWN.OC Engine Turned Plaque Belt [Black],"79,000원",RENACTS X BROWN.OC Engine Turned Plaque Belt [Black]
Stripe Knitted Tie [Green Navy],"65,000원",Stripe Knitted Tie [Green Navy]
Two Tone Stripe Knitted Tie [Red Navy],"65,000원",Two Tone Stripe Knitted Tie [Red Navy]
Solid Knitted Tie [Navy],"65,000원",Solid Knitted Tie [Navy]
Typo Cap Blk,"34,000원",Typo Cap Blk
Symbol Cap Nvy,"34,000원",Symbol Cap Nvy
First Service Cap - Charcoal,"43,000원",First Service Cap - Charcoal
아치 슬로건 볼캡(GREY),"38,000원",아치 슬로건 볼캡(GREY)
아치 슬로건 볼캡(MUSTARD),"38,000원",아치 슬로건 볼캡(MUSTARD)
아치 슬로건 볼캡(GREEN),"38,000원",아치 슬로건 볼캡(GREEN)
헤리티지 코메 비니 블랙,"26,000원",헤리티지 코메 비니 블랙
Symbol Cap Blk,"34,000원",Symbol Cap Blk
Geppetto 자수 비니 블랙,"26,000원",Geppetto 자수 비니 블랙
Vintage Incision Ballcap,"88,000원",Vintage Incision Ballcap
Typo Cap Kha,"34,000원",Typo Cap Kha
첨프 코듀로이 볼캡 네이비,"48,000원",첨프 코듀로이 볼캡 네이비
Typo Cap Nvy,"34,000원",Typo Cap Nvy
헤리티지 코메 비니 머스타드,"26,000원",헤리티지 코메 비니 머스타드
와펜 패치워크 볼캡(BROWN),"45,000원",와펜 패치워크 볼캡(BROWN)
Slowly ICON 볼캡 네이비,"39,000원",Slowly ICON 볼캡 네이비
First Service Cap - Black,"43,000원",First Service Cap - Black
모노그램 자수 숏비니 챠콜,"28,000원",모노그램 자수 숏비니 챠콜
아치 슬로건 볼캡(BLUE),"38,000원",아치 슬로건 볼캡(BLUE)
First Service Cap - Ivory,"43,000원",First Service Cap - Ivory
Morning glory 볼캡 퍼플,"39,000원",Morning glory 볼캡 퍼플
Geppetto 자수 비니 머스타드,"26,000원",Geppetto 자수 비니 머스타드
T.G.I.F 볼캡(DEEP GREEN),"38,000원",T.G.I.F 볼캡(DEEP GREEN)
캘리포니아 듀오 볼캡 블랙,"39,000원",캘리포니아 듀오 볼캡 블랙
체커보드 비니 머스타드,"28,000원",체커보드 비니 머스타드
헤리티지 코메 비니 라벤더,"26,000원",헤리티지 코메 비니 라벤더
모노그램 자수 숏비니 오렌지,"28,000원",모노그램 자수 숏비니 오렌지
첨프 코듀로이 볼캡 모스카키,"48,000원",첨프 코듀로이 볼캡 모스카키
첨프 코듀로이 볼캡 스카이그레이,"48,000원",첨프 코듀로이 볼캡 스카이그레이
첨프 코듀로이 볼캡 브라운,"48,000원",첨프 코듀로이 볼캡 브라운
와펜 패치워크 볼캡(BLACK),"45,000원",와펜 패치워크 볼캡(BLACK)
T.G.I.F 볼캡(BURGUNDY),"38,000원",T.G.I.F 볼캡(BURGUNDY)
BATOURNEE BALL CAP_ NAVY/CREAM,"59,000원",BATOURNEE BALL CAP_ NAVY/CREAM
T.G.I.F 볼캡(BROWN),"38,000원",T.G.I.F 볼캡(BROWN)
T.G.I.F 볼캡(ECRU WHITE),"38,000원",T.G.I.F 볼캡(ECRU WHITE)
BATOURNEE BALL CAP_ GREEN/BLUE,"59,000원",BATOURNEE BALL CAP_ GREEN/BLUE
BATOURNEE BALL CAP_ PINK/YELLOW,"59,000원",BATOURNEE BALL CAP_ PINK/YELLOW
NOUVELLE FRANCE BUCKET HAT (BLACK),"32,000원",NOUVELLE FRANCE BUCKET HAT (BLACK)
NOUVELLE FRANCE BUCKET HAT (BEIGE),"32,000원",NOUVELLE FRANCE BUCKET HAT (BEIGE)
양털 이어플랩 트루퍼 블랙,"38,000원",양털 이어플랩 트루퍼 블랙
양털 이어플랩 트루퍼 베이지,"38,000원",양털 이어플랩 트루퍼 베이지
헤리티지 코메 비니 네이비,"26,000원",헤리티지 코메 비니 네이비
썰파 워싱 셀프 볼캡,"83,000원",썰파 워싱 셀프 볼캡
쏠트 워싱 리즌 볼캡,"83,000원",쏠트 워싱 리즌 볼캡
N+F TRAPPER HAT (TAN),"42,000원",N+F TRAPPER HAT (TAN)
MT. SHASTA BALLCAP,"32,000원",MT. SHASTA BALLCAP
(MISU A BARBE x BRICK) MIXTION COTTON KNIT BUCKET HAT,"59,000원",(MISU A BARBE x BRICK) MIXTION COTTON KNIT BUCKET HAT
USA CODUROY BALLCAP (BLACK),"32,000원",USA CODUROY BALLCAP (BLACK)
