index,0
acc_0,AUTHENTIC_SUNGLASSES_AIRY_BLUE_.png
acc_1,AUTHENTIC_SUNGLASSES_BLACK_.png
acc_2,AUTHENTIC_SUNGLASSES_NUDE_BEIGE_.png
acc_3,Maximal_Eyelet_Belt.png
acc_4,RENACTS_X_BROWN_OC_Engine_Turned_Plaque_Belt_Black_.png
acc_5,RENACTS_X_BROWN_OC_Engine_Turned_Plaque_Belt_Brown_.png
acc_6,브러쉬_윈터_체크_머플러_그린.png
acc_7,브러쉬_윈터_체크_머플러_베이지.png
acc_8,브러쉬_윈터_체크_머플러_브라운.png
acc_9,브러쉬_윈터_체크_머플러_블랙.png
acc_10,브러쉬_윈터_체크_머플러_블루.png
acc_11,브러쉬_윈터_체크_머플러_핑크.png
acc_12,소프트_그런지_머플러_남녀공용_5colors.png
acc_13,헤리티지_체크_머플러_그린.png
acc_14,헤리티지_체크_머플러_베이지.png
acc_15,헤리티지_체크_머플러_블랙.png
acc_16,헤리티지_체크_머플러_챠콜.png
acc_17,헤리티지_체크_머플러_핑크.png
acc_18,BATOURNEE_BALL_CAP_GREEN_BLUE.png
acc_19,BATOURNEE_BALL_CAP_NAVY_CREAM.png
acc_20,BATOURNEE_BALL_CAP_PINK_YELLOW.png
acc_21,First_Service_Cap_Black.png
acc_22,First_Service_Cap_Charcoal.png
acc_23,First_Service_Cap_Ivory.png
acc_24,Geppetto_자수_비니_머스타드.png
acc_25,Geppetto_자수_비니_블랙.png
acc_26,Morning_glory_볼캡_퍼플.png
acc_27,MT_SHASTA_BALLCAP.png
acc_28,NOUVELLE_FRANCE_BUCKET_HAT_BEIGE_.png
acc_29,NOUVELLE_FRANCE_BUCKET_HAT_BLACK_.png
acc_30,N_F_TRAPPER_HAT_TAN_.png
acc_31,Slowly_ICON_볼캡_네이비.png
acc_32,Symbol_Cap_Blk.png
acc_33,Symbol_Cap_Nvy.png
acc_34,Typo_Cap_Blk.png
acc_35,Typo_Cap_Kha.png
acc_36,Typo_Cap_Nvy.png
acc_37,T_G_I_F_볼캡_BROWN_.png
acc_38,T_G_I_F_볼캡_BURGUNDY_.png
acc_39,T_G_I_F_볼캡_DEEP_GREEN_.png
acc_40,T_G_I_F_볼캡_ECRU_WHITE_.png
acc_41,USA_CODUROY_BALLCAP_BLACK_.png
acc_42,Vintage_Incision_Ballcap.png
acc_43,_MISU_A_BARBE_x_BRICK_MIXTION_COTTON_KNIT_BUCKET_HAT.png
acc_44,모노그램_자수_숏비니_오렌지.png
acc_45,모노그램_자수_숏비니_챠콜.png
acc_46,썰파_워싱_셀프_볼캡.png
acc_47,쏠트_워싱_리즌_볼캡.png
acc_48,아치_슬로건_볼캡_BLUE_.png
acc_49,아치_슬로건_볼캡_GREEN_.png
acc_50,아치_슬로건_볼캡_GREY_.png
acc_51,아치_슬로건_볼캡_MUSTARD_.png
acc_52,양털_이어플랩_트루퍼_베이지.png
acc_53,양털_이어플랩_트루퍼_블랙.png
acc_54,와펜_패치워크_볼캡_BLACK_.png
acc_55,와펜_패치워크_볼캡_BROWN_.png
acc_56,첨프_코듀로이_볼캡_네이비.png
acc_57,첨프_코듀로이_볼캡_모스카키.png
acc_58,첨프_코듀로이_볼캡_브라운.png
acc_59,첨프_코듀로이_볼캡_스카이그레이.png
acc_60,체커보드_비니_머스타드.png
acc_61,캘리포니아_듀오_볼캡_블랙.png
acc_62,헤리티지_코메_비니_네이비.png
acc_63,헤리티지_코메_비니_라벤더.png
acc_64,헤리티지_코메_비니_머스타드.png
acc_65,헤리티지_코메_비니_블랙.png
